{
    "value0": {
        "T_imu_cam": [
            {
                "px": -0.014550417352510902,
                "py": -0.011706498752080945,
                "pz": 0.020268516188960396,
                "qx": 0.5064657795339951,
                "qy": 0.49366612061934867,
                "qz": -0.497518320063973,
                "qw": 0.50225660445074
            },
            {
                "px": -0.01431774722448479,
                "py": 0.028407747287532994,
                "pz": 0.02016047412566588,
                "qx": 0.5012125765804081,
                "qy": 0.4958486460398688,
                "qz": 0.5037471688442431,
                "qw": -0.49915815447558026
            }
        ],
        "intrinsics": [
            {
                "camera_type": "kb4",
                "intrinsics": {
                    "fx": 461.6398879418857,
                    "fy": 459.7153043295965,
                    "cx": 732.9460954720965,
                    "cy": 720.5410566713475,
                    "k1": 0.03442918444998219,
                    "k2": -0.02155491263917851,
                    "k3": 0.0031292637056308044,
                    "k4": -0.0005356957576266091
                }
            },
            {
                "camera_type": "kb4",
                "intrinsics": {
                    "fx": 481.0462499931464,
                    "fy": 478.0014012062969,
                    "cx": 735.0624904634898,
                    "cy": 720.0949685881241,
                    "k1": 0.04694156447186486,
                    "k2": -0.04598888193097635,
                    "k3": 0.01197602371534633,
                    "k4": -0.0015766998867207587
                }
            }
        ],
        "resolution": [
            [
                1472,
                1440
            ],
            [
                1472,
                1440
            ]
        ],
        "calib_accel_bias": [
            0,
            0,
            0,
            0,
            0,
            0,
            0,
            0,
            0
        ],
        "calib_gyro_bias": [
            0,
            0,
            0,
            0,
            0,
            0,
            0,
            0,
            0,
            0,
            0,
            0
        ],
        "imu_update_rate": 1000,
        "accel_noise_std": [
            0.00285891188,
            0.00285891188,
            0.00285891188
        ],
        "gyro_noise_std": [
            0.00047032046,
            0.00047032046,
            0.00047032046
        ],
        "accel_bias_std": [
            0.00130039805,
            0.00130039805,
            0.00130039805
        ],
        "gyro_bias_std": [
            0.00036433633,
            0.00036433633,
            0.00036433633
        ],
        "cam_time_offset_ns": -781924000,
        "vignette": []
    }
}